id,email,username,canonical_handle,account_type,status,merged_into
id:live:427d9532be3e26a2,,,hashed:427d9532be3e26a2,unknown,provider_observed,
id:live:19f80065284e5a78,,,hashed:19f80065284e5a78,unknown,provider_observed,
id:live:94e6230ef9464e2b,,,hashed:94e6230ef9464e2b,unknown,provider_observed,
id:live:cef8a165393053c3,,,hashed:cef8a165393053c3,unknown,provider_observed,
id:live:46f50f6ee1817670,,,hashed:46f50f6ee1817670,unknown,provider_observed,
id:live:aba1e01f4148956a,,,hashed:aba1e01f4148956a,unknown,provider_observed,
id:live:de2c7117ad3e73a7,,,hashed:de2c7117ad3e73a7,unknown,provider_observed,
id:live:910f7af915fd498d,,,hashed:910f7af915fd498d,unknown,provider_observed,
id:live:966b353b057840b9,,,hashed:966b353b057840b9,unknown,provider_observed,
id:live:4a9f9bd8b7b3c074,,,hashed:4a9f9bd8b7b3c074,unknown,provider_observed,
id:live:b143a9ae30331e92,,,hashed:b143a9ae30331e92,unknown,provider_observed,
id:live:0024245f0aa08ee2,,,hashed:0024245f0aa08ee2,unknown,provider_observed,
id:live:fa60fe109c1a03f3,,,hashed:fa60fe109c1a03f3,unknown,provider_observed,
id:live:2225f2093106404a,,,hashed:2225f2093106404a,unknown,provider_observed,
id:live:7fe5f7872cc0882f,,,hashed:7fe5f7872cc0882f,unknown,provider_observed,
id:live:5ba2bc96250673db,,,hashed:5ba2bc96250673db,unknown,provider_observed,
id:live:3898136e5212aff9,,,hashed:3898136e5212aff9,unknown,provider_observed,
id:live:60dfd853d16448e5,,,hashed:60dfd853d16448e5,unknown,provider_observed,
id:live:0fd75a89fb6a6afe,,,hashed:0fd75a89fb6a6afe,unknown,provider_observed,
id:live:eb31c44473d53c68,,,hashed:eb31c44473d53c68,unknown,provider_observed,
id:live:a535b3bf83647110,,,hashed:a535b3bf83647110,unknown,provider_observed,
id:live:25ce83568ff169e0,,,hashed:25ce83568ff169e0,unknown,provider_observed,
id:live:3a00f88d87ceb7ee,,,hashed:3a00f88d87ceb7ee,unknown,provider_observed,
id:live:e8c5a87a2d38d846,,,hashed:e8c5a87a2d38d846,unknown,provider_observed,
id:live:2c8598e907dbf50d,,,hashed:2c8598e907dbf50d,unknown,provider_observed,
id:live:1ad3f881dd770396,,,hashed:1ad3f881dd770396,unknown,provider_observed,
id:live:f576e9d9a1c7b704,,,hashed:f576e9d9a1c7b704,unknown,provider_observed,
id:live:1faacd566b5a21d8,,,hashed:1faacd566b5a21d8,unknown,provider_observed,
id:live:27f4f5225af08820,,,hashed:27f4f5225af08820,unknown,provider_observed,
id:live:bac9ef8ec7d2f83a,,,hashed:bac9ef8ec7d2f83a,unknown,provider_observed,
id:live:c9e8c5ef65df04f6,,,hashed:c9e8c5ef65df04f6,unknown,provider_observed,
id:live:9f1f2f8aa7edafc7,,,hashed:9f1f2f8aa7edafc7,unknown,provider_observed,
id:live:fc1fd1627c8adb0a,,,hashed:fc1fd1627c8adb0a,unknown,provider_observed,
id:live:d884adee9039b3a8,,,hashed:d884adee9039b3a8,unknown,provider_observed,
id:live:c3a49a5fd62e6032,,,hashed:c3a49a5fd62e6032,unknown,provider_observed,
id:live:5fcefb509ea5cf32,,,hashed:5fcefb509ea5cf32,unknown,provider_observed,
id:live:f2226e2905190798,,,hashed:f2226e2905190798,unknown,provider_observed,
id:live:261f320492b4f2f8,,,hashed:261f320492b4f2f8,unknown,provider_observed,
id:live:f0475481ed76d2e2,,,hashed:f0475481ed76d2e2,unknown,provider_observed,
id:live:7e909b63b6af59b5,,,hashed:7e909b63b6af59b5,unknown,provider_observed,
id:live:c2d89722ff945efa,,,hashed:c2d89722ff945efa,unknown,provider_observed,
id:live:434124e273dd0fc8,,,hashed:434124e273dd0fc8,unknown,provider_observed,
id:live:a450d46a5b3f1fa1,,,hashed:a450d46a5b3f1fa1,unknown,provider_observed,
id:live:eda6a51365152e0e,,,hashed:eda6a51365152e0e,unknown,provider_observed,
id:live:af8d1e7ec51165f5,,,hashed:af8d1e7ec51165f5,unknown,provider_observed,
id:live:d253d139004230d2,,,hashed:d253d139004230d2,unknown,provider_observed,
id:live:0d3aaba08ba6c33c,,,hashed:0d3aaba08ba6c33c,unknown,provider_observed,
id:live:c70b9e850f7c7a94,,,hashed:c70b9e850f7c7a94,unknown,provider_observed,
id:live:bbd7d0d70dff63a6,,,hashed:bbd7d0d70dff63a6,unknown,provider_observed,
id:live:931c9ba008e71d77,,,hashed:931c9ba008e71d77,unknown,provider_observed,
id:live:6700c1579cb3cbe1,,,hashed:6700c1579cb3cbe1,unknown,provider_observed,
id:live:242091ab526900ae,,,hashed:242091ab526900ae,unknown,provider_observed,
id:live:672badbad2c0c4c2,,,hashed:672badbad2c0c4c2,unknown,provider_observed,
id:live:24d34c53d11e9acb,,,hashed:24d34c53d11e9acb,unknown,provider_observed,
id:live:2146f54464401c1f,,,hashed:2146f54464401c1f,unknown,provider_observed,
id:live:97818f6d4e9aa828,,,hashed:97818f6d4e9aa828,unknown,provider_observed,
id:live:844d3b6e332fd34a,,,hashed:844d3b6e332fd34a,unknown,provider_observed,
id:live:6eb2bbae0b77c77e,,,hashed:6eb2bbae0b77c77e,unknown,provider_observed,
id:live:b245a367c005f6d1,,,hashed:b245a367c005f6d1,unknown,provider_observed,
id:live:121085f57413d554,,,hashed:121085f57413d554,unknown,provider_observed,
id:live:98093f9c02ecaa6f,,,hashed:98093f9c02ecaa6f,unknown,provider_observed,
id:live:5db69c8e403525bd,,,hashed:5db69c8e403525bd,unknown,provider_observed,
id:live:ca2787243b337324,,,hashed:ca2787243b337324,unknown,provider_observed,
id:live:d293e9a368fa7d5a,,,hashed:d293e9a368fa7d5a,unknown,provider_observed,
id:live:cdf05841158e32c7,,,hashed:cdf05841158e32c7,unknown,provider_observed,
id:live:f28e0bf4f99db12e,,,hashed:f28e0bf4f99db12e,unknown,provider_observed,
id:live:4dfde70cdb05b6bf,,,hashed:4dfde70cdb05b6bf,unknown,provider_observed,
id:live:dc780ddde2e91362,,,hashed:dc780ddde2e91362,unknown,provider_observed,
id:live:20eaea0fc751fa83,,,hashed:20eaea0fc751fa83,unknown,provider_observed,
id:live:065ecbc3fc3e8b0f,,,hashed:065ecbc3fc3e8b0f,unknown,provider_observed,
id:live:86d9c092efe5a820,,,hashed:86d9c092efe5a820,unknown,provider_observed,
id:live:3079b59bfc57e283,,,hashed:3079b59bfc57e283,unknown,provider_observed,
id:live:901236cf4936f4d7,,,hashed:901236cf4936f4d7,unknown,provider_observed,
id:live:1e6ef1d99fdeb21c,,,hashed:1e6ef1d99fdeb21c,unknown,provider_observed,
id:live:8e0c8908245b2c52,,,hashed:8e0c8908245b2c52,unknown,provider_observed,
id:live:6db50156c2241eb2,,,hashed:6db50156c2241eb2,unknown,provider_observed,
id:live:c9c3889865bb7ac1,,,hashed:c9c3889865bb7ac1,unknown,provider_observed,
id:live:ef9411460a6fd7a7,,,hashed:ef9411460a6fd7a7,unknown,provider_observed,
id:live:21fe942b9407d7a9,,,hashed:21fe942b9407d7a9,unknown,provider_observed,
id:live:d9cc5b14f45c4021,,,hashed:d9cc5b14f45c4021,unknown,provider_observed,
id:live:83dcd82a45ef33b9,,,hashed:83dcd82a45ef33b9,unknown,provider_observed,
id:live:0a06c127dd215525,,,hashed:0a06c127dd215525,unknown,provider_observed,
id:live:a4e360b895311491,,,hashed:a4e360b895311491,unknown,provider_observed,
id:live:560ef61300444a95,,,hashed:560ef61300444a95,unknown,provider_observed,
id:live:79cd9a5e60600e09,,,hashed:79cd9a5e60600e09,unknown,provider_observed,
id:live:9c8ac8db60920ae3,,,hashed:9c8ac8db60920ae3,unknown,provider_observed,
id:live:c013237e1073dd7a,,,hashed:c013237e1073dd7a,unknown,provider_observed,
id:live:947af3edbfba7b33,,,hashed:947af3edbfba7b33,unknown,provider_observed,
id:live:fa0caf623b80381d,,,hashed:fa0caf623b80381d,unknown,provider_observed,
id:live:ebdcb7bcbb530d37,,,hashed:ebdcb7bcbb530d37,unknown,provider_observed,
id:live:e8547009a428f3fe,,,hashed:e8547009a428f3fe,unknown,provider_observed,
id:live:a9ec5df528a2690a,,,hashed:a9ec5df528a2690a,unknown,provider_observed,
id:live:42e3070f246c06af,,,hashed:42e3070f246c06af,unknown,provider_observed,
id:live:deb7a3682247332c,,,hashed:deb7a3682247332c,unknown,provider_observed,
id:live:dc200e5066613cce,,,hashed:dc200e5066613cce,unknown,provider_observed,
id:live:6dba9f2284335e2b,,,hashed:6dba9f2284335e2b,unknown,provider_observed,
id:live:ea65f2ebc29070b6,,,hashed:ea65f2ebc29070b6,unknown,provider_observed,
id:live:475cb568c9c95cb3,,,hashed:475cb568c9c95cb3,unknown,provider_observed,
id:live:e02ef3e30565b277,,,hashed:e02ef3e30565b277,unknown,provider_observed,
id:live:5f55529b02cf359a,,,hashed:5f55529b02cf359a,unknown,provider_observed,
id:live:99fc4f331ff03f3e,,,hashed:99fc4f331ff03f3e,unknown,provider_observed,
id:live:4c0e0b172d4abf3e,,,hashed:4c0e0b172d4abf3e,unknown,provider_observed,
id:live:75fa923e310a1aae,,,hashed:75fa923e310a1aae,unknown,provider_observed,
id:live:9d623f1a8ea14821,,,hashed:9d623f1a8ea14821,unknown,provider_observed,
id:live:8185c8c9b673cabf,,,hashed:8185c8c9b673cabf,unknown,provider_observed,
id:live:91d470be5a931bec,,,hashed:91d470be5a931bec,unknown,provider_observed,
id:live:e6fcc580e9623fe7,,,hashed:e6fcc580e9623fe7,unknown,provider_observed,
id:live:83911770d439493b,,,hashed:83911770d439493b,unknown,provider_observed,
id:live:caf176858611d64e,,,hashed:caf176858611d64e,unknown,provider_observed,
id:live:ce4b7b5fcc911e61,,,hashed:ce4b7b5fcc911e61,unknown,provider_observed,
id:live:c39ef929397c4afc,,,hashed:c39ef929397c4afc,unknown,provider_observed,
id:live:0506a1cd4e72a38e,,,hashed:0506a1cd4e72a38e,unknown,provider_observed,
id:live:4528554d45e485b3,,,hashed:4528554d45e485b3,unknown,provider_observed,
id:live:789e27b4fb754dd7,,,hashed:789e27b4fb754dd7,unknown,provider_observed,
id:live:eaa4f586d3240653,,,hashed:eaa4f586d3240653,unknown,provider_observed,
id:live:9e6ded32c1cfef65,,,hashed:9e6ded32c1cfef65,unknown,provider_observed,
id:live:2da046c01f8ea21a,,,hashed:2da046c01f8ea21a,unknown,provider_observed,
id:live:50fecced398fe2d4,,,hashed:50fecced398fe2d4,unknown,provider_observed,
id:live:86bfed91ca840ff7,,,hashed:86bfed91ca840ff7,unknown,provider_observed,
id:live:1f80d4353b856345,,,hashed:1f80d4353b856345,unknown,provider_observed,
id:live:31210604742630a4,,,hashed:31210604742630a4,unknown,provider_observed,
id:live:636427474eb66333,,,hashed:636427474eb66333,unknown,provider_observed,
id:live:892502d085bb9e46,,,hashed:892502d085bb9e46,unknown,provider_observed,
id:live:f7c4fb56fe111f72,,,hashed:f7c4fb56fe111f72,unknown,provider_observed,
id:live:b4a9e10afcaf4398,,,hashed:b4a9e10afcaf4398,unknown,provider_observed,
id:live:81c5f04b6f6ffb2c,,,hashed:81c5f04b6f6ffb2c,unknown,provider_observed,
id:live:a96caac514747f0c,,,hashed:a96caac514747f0c,unknown,provider_observed,
id:live:97f2693b1936bca0,,,hashed:97f2693b1936bca0,unknown,provider_observed,
id:live:7a1b6d2335b35b2a,,,hashed:7a1b6d2335b35b2a,unknown,provider_observed,
id:live:cdadb3510efcaa33,,,hashed:cdadb3510efcaa33,unknown,provider_observed,
id:live:f2ddc69cca0e78f3,,,hashed:f2ddc69cca0e78f3,unknown,provider_observed,
id:live:47a664c67eda7c14,,,hashed:47a664c67eda7c14,unknown,provider_observed,
id:live:aee85f4e41c22308,,,hashed:aee85f4e41c22308,unknown,provider_observed,
id:live:7cc43a9123389406,,,hashed:7cc43a9123389406,unknown,provider_observed,
id:live:81480aca8eedddd9,,,hashed:81480aca8eedddd9,unknown,provider_observed,
id:live:f19d889ab5a90519,,,hashed:f19d889ab5a90519,unknown,provider_observed,
id:live:dcbc7135a435c4ca,,,hashed:dcbc7135a435c4ca,unknown,provider_observed,
id:live:2d032f9129b5495f,,,hashed:2d032f9129b5495f,unknown,provider_observed,
id:live:31ea99c147ebfabe,,,hashed:31ea99c147ebfabe,unknown,provider_observed,
id:live:8c52ed88d4a9e503,,,hashed:8c52ed88d4a9e503,unknown,provider_observed,
id:live:da413d6bf28b4ec0,,,hashed:da413d6bf28b4ec0,unknown,provider_observed,
id:live:28149ef100c21d49,,,hashed:28149ef100c21d49,unknown,provider_observed,
id:live:123d25cb17bf0955,,,hashed:123d25cb17bf0955,unknown,provider_observed,
id:live:9d42bcd9e9578819,,,hashed:9d42bcd9e9578819,unknown,provider_observed,
id:live:9e1755e8b77d5dcf,,,hashed:9e1755e8b77d5dcf,unknown,provider_observed,
id:live:1518da089f734fcb,,,hashed:1518da089f734fcb,unknown,provider_observed,
id:live:b96af130765727b0,,,hashed:b96af130765727b0,unknown,provider_observed,
id:live:f2a1dc0928ac2d4f,,,hashed:f2a1dc0928ac2d4f,unknown,provider_observed,
id:live:ea9324dc9d2b6fc1,,,hashed:ea9324dc9d2b6fc1,unknown,provider_observed,
id:live:9fc11c545987e056,,,hashed:9fc11c545987e056,unknown,provider_observed,
