left-CredentialExposure-primary-key,right-Identity-primary-key
exp:live:427d9532be3e26a2,id:live:427d9532be3e26a2
exp:live:19f80065284e5a78,id:live:19f80065284e5a78
exp:live:94e6230ef9464e2b,id:live:94e6230ef9464e2b
exp:live:cef8a165393053c3,id:live:cef8a165393053c3
exp:live:46f50f6ee1817670,id:live:46f50f6ee1817670
exp:live:aba1e01f4148956a,id:live:aba1e01f4148956a
exp:live:de2c7117ad3e73a7,id:live:de2c7117ad3e73a7
exp:live:910f7af915fd498d,id:live:910f7af915fd498d
exp:live:966b353b057840b9,id:live:966b353b057840b9
exp:live:4a9f9bd8b7b3c074,id:live:4a9f9bd8b7b3c074
exp:live:b143a9ae30331e92,id:live:b143a9ae30331e92
exp:live:0024245f0aa08ee2,id:live:0024245f0aa08ee2
exp:live:fa60fe109c1a03f3,id:live:fa60fe109c1a03f3
exp:live:2225f2093106404a,id:live:2225f2093106404a
exp:live:7fe5f7872cc0882f,id:live:7fe5f7872cc0882f
exp:live:5ba2bc96250673db,id:live:5ba2bc96250673db
exp:live:3898136e5212aff9,id:live:3898136e5212aff9
exp:live:60dfd853d16448e5,id:live:60dfd853d16448e5
exp:live:0fd75a89fb6a6afe,id:live:0fd75a89fb6a6afe
exp:live:eb31c44473d53c68,id:live:eb31c44473d53c68
exp:live:a535b3bf83647110,id:live:a535b3bf83647110
exp:live:25ce83568ff169e0,id:live:25ce83568ff169e0
exp:live:3a00f88d87ceb7ee,id:live:3a00f88d87ceb7ee
exp:live:e8c5a87a2d38d846,id:live:e8c5a87a2d38d846
exp:live:2c8598e907dbf50d,id:live:2c8598e907dbf50d
exp:live:1ad3f881dd770396,id:live:1ad3f881dd770396
exp:live:f576e9d9a1c7b704,id:live:f576e9d9a1c7b704
exp:live:1faacd566b5a21d8,id:live:1faacd566b5a21d8
exp:live:27f4f5225af08820,id:live:27f4f5225af08820
exp:live:bac9ef8ec7d2f83a,id:live:bac9ef8ec7d2f83a
exp:live:c9e8c5ef65df04f6,id:live:c9e8c5ef65df04f6
exp:live:9f1f2f8aa7edafc7,id:live:9f1f2f8aa7edafc7
exp:live:fc1fd1627c8adb0a,id:live:fc1fd1627c8adb0a
exp:live:d884adee9039b3a8,id:live:d884adee9039b3a8
exp:live:c3a49a5fd62e6032,id:live:c3a49a5fd62e6032
exp:live:5fcefb509ea5cf32,id:live:5fcefb509ea5cf32
exp:live:f2226e2905190798,id:live:f2226e2905190798
exp:live:261f320492b4f2f8,id:live:261f320492b4f2f8
exp:live:f0475481ed76d2e2,id:live:f0475481ed76d2e2
exp:live:7e909b63b6af59b5,id:live:7e909b63b6af59b5
exp:live:c2d89722ff945efa,id:live:c2d89722ff945efa
exp:live:434124e273dd0fc8,id:live:434124e273dd0fc8
exp:live:a450d46a5b3f1fa1,id:live:a450d46a5b3f1fa1
exp:live:eda6a51365152e0e,id:live:eda6a51365152e0e
exp:live:af8d1e7ec51165f5,id:live:af8d1e7ec51165f5
exp:live:d253d139004230d2,id:live:d253d139004230d2
exp:live:0d3aaba08ba6c33c,id:live:0d3aaba08ba6c33c
exp:live:c70b9e850f7c7a94,id:live:c70b9e850f7c7a94
exp:live:bbd7d0d70dff63a6,id:live:bbd7d0d70dff63a6
exp:live:931c9ba008e71d77,id:live:931c9ba008e71d77
exp:live:6700c1579cb3cbe1,id:live:6700c1579cb3cbe1
exp:live:242091ab526900ae,id:live:242091ab526900ae
exp:live:672badbad2c0c4c2,id:live:672badbad2c0c4c2
exp:live:24d34c53d11e9acb,id:live:24d34c53d11e9acb
exp:live:2146f54464401c1f,id:live:2146f54464401c1f
exp:live:97818f6d4e9aa828,id:live:97818f6d4e9aa828
exp:live:844d3b6e332fd34a,id:live:844d3b6e332fd34a
exp:live:6eb2bbae0b77c77e,id:live:6eb2bbae0b77c77e
exp:live:b245a367c005f6d1,id:live:b245a367c005f6d1
exp:live:121085f57413d554,id:live:121085f57413d554
exp:live:98093f9c02ecaa6f,id:live:98093f9c02ecaa6f
exp:live:5db69c8e403525bd,id:live:5db69c8e403525bd
exp:live:ca2787243b337324,id:live:ca2787243b337324
exp:live:d293e9a368fa7d5a,id:live:d293e9a368fa7d5a
exp:live:cdf05841158e32c7,id:live:cdf05841158e32c7
exp:live:f28e0bf4f99db12e,id:live:f28e0bf4f99db12e
exp:live:4dfde70cdb05b6bf,id:live:4dfde70cdb05b6bf
exp:live:dc780ddde2e91362,id:live:dc780ddde2e91362
exp:live:20eaea0fc751fa83,id:live:20eaea0fc751fa83
exp:live:065ecbc3fc3e8b0f,id:live:065ecbc3fc3e8b0f
exp:live:86d9c092efe5a820,id:live:86d9c092efe5a820
exp:live:3079b59bfc57e283,id:live:3079b59bfc57e283
exp:live:901236cf4936f4d7,id:live:901236cf4936f4d7
exp:live:1e6ef1d99fdeb21c,id:live:1e6ef1d99fdeb21c
exp:live:8e0c8908245b2c52,id:live:8e0c8908245b2c52
exp:live:6db50156c2241eb2,id:live:6db50156c2241eb2
exp:live:c9c3889865bb7ac1,id:live:c9c3889865bb7ac1
exp:live:ef9411460a6fd7a7,id:live:ef9411460a6fd7a7
exp:live:21fe942b9407d7a9,id:live:21fe942b9407d7a9
exp:live:d9cc5b14f45c4021,id:live:d9cc5b14f45c4021
exp:live:83dcd82a45ef33b9,id:live:83dcd82a45ef33b9
exp:live:0a06c127dd215525,id:live:0a06c127dd215525
exp:live:a4e360b895311491,id:live:a4e360b895311491
exp:live:560ef61300444a95,id:live:560ef61300444a95
exp:live:79cd9a5e60600e09,id:live:79cd9a5e60600e09
exp:live:9c8ac8db60920ae3,id:live:9c8ac8db60920ae3
exp:live:c013237e1073dd7a,id:live:c013237e1073dd7a
exp:live:947af3edbfba7b33,id:live:947af3edbfba7b33
exp:live:fa0caf623b80381d,id:live:fa0caf623b80381d
exp:live:ebdcb7bcbb530d37,id:live:ebdcb7bcbb530d37
exp:live:e8547009a428f3fe,id:live:e8547009a428f3fe
exp:live:a9ec5df528a2690a,id:live:a9ec5df528a2690a
exp:live:42e3070f246c06af,id:live:42e3070f246c06af
exp:live:deb7a3682247332c,id:live:deb7a3682247332c
exp:live:dc200e5066613cce,id:live:dc200e5066613cce
exp:live:6dba9f2284335e2b,id:live:6dba9f2284335e2b
exp:live:ea65f2ebc29070b6,id:live:ea65f2ebc29070b6
exp:live:475cb568c9c95cb3,id:live:475cb568c9c95cb3
exp:live:e02ef3e30565b277,id:live:e02ef3e30565b277
exp:live:5f55529b02cf359a,id:live:5f55529b02cf359a
exp:live:99fc4f331ff03f3e,id:live:99fc4f331ff03f3e
exp:live:4c0e0b172d4abf3e,id:live:4c0e0b172d4abf3e
exp:live:75fa923e310a1aae,id:live:75fa923e310a1aae
exp:live:9d623f1a8ea14821,id:live:9d623f1a8ea14821
exp:live:8185c8c9b673cabf,id:live:8185c8c9b673cabf
exp:live:91d470be5a931bec,id:live:91d470be5a931bec
exp:live:e6fcc580e9623fe7,id:live:e6fcc580e9623fe7
exp:live:83911770d439493b,id:live:83911770d439493b
exp:live:caf176858611d64e,id:live:caf176858611d64e
exp:live:ce4b7b5fcc911e61,id:live:ce4b7b5fcc911e61
exp:live:c39ef929397c4afc,id:live:c39ef929397c4afc
exp:live:0506a1cd4e72a38e,id:live:0506a1cd4e72a38e
exp:live:4528554d45e485b3,id:live:4528554d45e485b3
exp:live:789e27b4fb754dd7,id:live:789e27b4fb754dd7
exp:live:eaa4f586d3240653,id:live:eaa4f586d3240653
exp:live:9e6ded32c1cfef65,id:live:9e6ded32c1cfef65
exp:live:2da046c01f8ea21a,id:live:2da046c01f8ea21a
exp:live:50fecced398fe2d4,id:live:50fecced398fe2d4
exp:live:86bfed91ca840ff7,id:live:86bfed91ca840ff7
exp:live:1f80d4353b856345,id:live:1f80d4353b856345
exp:live:31210604742630a4,id:live:31210604742630a4
exp:live:636427474eb66333,id:live:636427474eb66333
exp:live:892502d085bb9e46,id:live:892502d085bb9e46
exp:live:f7c4fb56fe111f72,id:live:f7c4fb56fe111f72
exp:live:b4a9e10afcaf4398,id:live:b4a9e10afcaf4398
exp:live:81c5f04b6f6ffb2c,id:live:81c5f04b6f6ffb2c
exp:live:a96caac514747f0c,id:live:a96caac514747f0c
exp:live:97f2693b1936bca0,id:live:97f2693b1936bca0
exp:live:7a1b6d2335b35b2a,id:live:7a1b6d2335b35b2a
exp:live:cdadb3510efcaa33,id:live:cdadb3510efcaa33
exp:live:f2ddc69cca0e78f3,id:live:f2ddc69cca0e78f3
exp:live:47a664c67eda7c14,id:live:47a664c67eda7c14
exp:live:aee85f4e41c22308,id:live:aee85f4e41c22308
exp:live:7cc43a9123389406,id:live:7cc43a9123389406
exp:live:81480aca8eedddd9,id:live:81480aca8eedddd9
exp:live:f19d889ab5a90519,id:live:f19d889ab5a90519
exp:live:dcbc7135a435c4ca,id:live:dcbc7135a435c4ca
exp:live:2d032f9129b5495f,id:live:2d032f9129b5495f
exp:live:31ea99c147ebfabe,id:live:31ea99c147ebfabe
exp:live:8c52ed88d4a9e503,id:live:8c52ed88d4a9e503
exp:live:da413d6bf28b4ec0,id:live:da413d6bf28b4ec0
exp:live:28149ef100c21d49,id:live:28149ef100c21d49
exp:live:123d25cb17bf0955,id:live:123d25cb17bf0955
exp:live:9d42bcd9e9578819,id:live:9d42bcd9e9578819
exp:live:9e1755e8b77d5dcf,id:live:9e1755e8b77d5dcf
exp:live:1518da089f734fcb,id:live:1518da089f734fcb
exp:live:b96af130765727b0,id:live:b96af130765727b0
exp:live:f2a1dc0928ac2d4f,id:live:f2a1dc0928ac2d4f
exp:live:ea9324dc9d2b6fc1,id:live:ea9324dc9d2b6fc1
exp:live:9fc11c545987e056,id:live:9fc11c545987e056
