left-CredentialExposure-primary-key,right-ThreatSource-primary-key
exp:live:427d9532be3e26a2,src:stealthmole:cl:427d9532be3e26a2
exp:live:19f80065284e5a78,src:stealthmole:cl:19f80065284e5a78
exp:live:94e6230ef9464e2b,src:stealthmole:cl:94e6230ef9464e2b
exp:live:cef8a165393053c3,src:stealthmole:cl:cef8a165393053c3
exp:live:46f50f6ee1817670,src:stealthmole:cl:46f50f6ee1817670
exp:live:aba1e01f4148956a,src:stealthmole:cl:aba1e01f4148956a
exp:live:de2c7117ad3e73a7,src:stealthmole:cl:de2c7117ad3e73a7
exp:live:910f7af915fd498d,src:stealthmole:cl:910f7af915fd498d
exp:live:966b353b057840b9,src:stealthmole:cl:966b353b057840b9
exp:live:4a9f9bd8b7b3c074,src:stealthmole:cl:4a9f9bd8b7b3c074
exp:live:b143a9ae30331e92,src:stealthmole:cl:b143a9ae30331e92
exp:live:0024245f0aa08ee2,src:stealthmole:cl:0024245f0aa08ee2
exp:live:fa60fe109c1a03f3,src:stealthmole:cl:fa60fe109c1a03f3
exp:live:2225f2093106404a,src:stealthmole:cl:2225f2093106404a
exp:live:7fe5f7872cc0882f,src:stealthmole:cl:7fe5f7872cc0882f
exp:live:5ba2bc96250673db,src:stealthmole:cl:5ba2bc96250673db
exp:live:3898136e5212aff9,src:stealthmole:cl:3898136e5212aff9
exp:live:60dfd853d16448e5,src:stealthmole:cl:60dfd853d16448e5
exp:live:0fd75a89fb6a6afe,src:stealthmole:cl:0fd75a89fb6a6afe
exp:live:eb31c44473d53c68,src:stealthmole:cl:eb31c44473d53c68
exp:live:a535b3bf83647110,src:stealthmole:cl:a535b3bf83647110
exp:live:25ce83568ff169e0,src:stealthmole:cl:25ce83568ff169e0
exp:live:3a00f88d87ceb7ee,src:stealthmole:cl:3a00f88d87ceb7ee
exp:live:e8c5a87a2d38d846,src:stealthmole:cl:e8c5a87a2d38d846
exp:live:2c8598e907dbf50d,src:stealthmole:cl:2c8598e907dbf50d
exp:live:1ad3f881dd770396,src:stealthmole:cl:1ad3f881dd770396
exp:live:f576e9d9a1c7b704,src:stealthmole:cl:f576e9d9a1c7b704
exp:live:1faacd566b5a21d8,src:stealthmole:cl:1faacd566b5a21d8
exp:live:27f4f5225af08820,src:stealthmole:cl:27f4f5225af08820
exp:live:bac9ef8ec7d2f83a,src:stealthmole:cl:bac9ef8ec7d2f83a
exp:live:c9e8c5ef65df04f6,src:stealthmole:cl:c9e8c5ef65df04f6
exp:live:9f1f2f8aa7edafc7,src:stealthmole:cl:9f1f2f8aa7edafc7
exp:live:fc1fd1627c8adb0a,src:stealthmole:cl:fc1fd1627c8adb0a
exp:live:d884adee9039b3a8,src:stealthmole:cl:d884adee9039b3a8
exp:live:c3a49a5fd62e6032,src:stealthmole:cl:c3a49a5fd62e6032
exp:live:5fcefb509ea5cf32,src:stealthmole:cl:5fcefb509ea5cf32
exp:live:f2226e2905190798,src:stealthmole:cl:f2226e2905190798
exp:live:261f320492b4f2f8,src:stealthmole:cl:261f320492b4f2f8
exp:live:f0475481ed76d2e2,src:stealthmole:cl:f0475481ed76d2e2
exp:live:7e909b63b6af59b5,src:stealthmole:cl:7e909b63b6af59b5
exp:live:c2d89722ff945efa,src:stealthmole:cl:c2d89722ff945efa
exp:live:434124e273dd0fc8,src:stealthmole:cl:434124e273dd0fc8
exp:live:a450d46a5b3f1fa1,src:stealthmole:cl:a450d46a5b3f1fa1
exp:live:eda6a51365152e0e,src:stealthmole:cl:eda6a51365152e0e
exp:live:af8d1e7ec51165f5,src:stealthmole:cl:af8d1e7ec51165f5
exp:live:d253d139004230d2,src:stealthmole:cl:d253d139004230d2
exp:live:0d3aaba08ba6c33c,src:stealthmole:cl:0d3aaba08ba6c33c
exp:live:c70b9e850f7c7a94,src:stealthmole:cl:c70b9e850f7c7a94
exp:live:bbd7d0d70dff63a6,src:stealthmole:cl:bbd7d0d70dff63a6
exp:live:931c9ba008e71d77,src:stealthmole:cl:931c9ba008e71d77
exp:live:6700c1579cb3cbe1,src:stealthmole:cds:6700c1579cb3cbe1
exp:live:242091ab526900ae,src:stealthmole:cds:242091ab526900ae
exp:live:672badbad2c0c4c2,src:stealthmole:cds:672badbad2c0c4c2
exp:live:24d34c53d11e9acb,src:stealthmole:cds:24d34c53d11e9acb
exp:live:2146f54464401c1f,src:stealthmole:cds:2146f54464401c1f
exp:live:97818f6d4e9aa828,src:stealthmole:cds:97818f6d4e9aa828
exp:live:844d3b6e332fd34a,src:stealthmole:cds:844d3b6e332fd34a
exp:live:6eb2bbae0b77c77e,src:stealthmole:cds:6eb2bbae0b77c77e
exp:live:b245a367c005f6d1,src:stealthmole:cds:b245a367c005f6d1
exp:live:121085f57413d554,src:stealthmole:cds:121085f57413d554
exp:live:98093f9c02ecaa6f,src:stealthmole:cds:98093f9c02ecaa6f
exp:live:5db69c8e403525bd,src:stealthmole:cds:5db69c8e403525bd
exp:live:ca2787243b337324,src:stealthmole:cds:ca2787243b337324
exp:live:d293e9a368fa7d5a,src:stealthmole:cds:d293e9a368fa7d5a
exp:live:cdf05841158e32c7,src:stealthmole:cds:cdf05841158e32c7
exp:live:f28e0bf4f99db12e,src:stealthmole:cds:f28e0bf4f99db12e
exp:live:4dfde70cdb05b6bf,src:stealthmole:cds:4dfde70cdb05b6bf
exp:live:dc780ddde2e91362,src:stealthmole:cds:dc780ddde2e91362
exp:live:20eaea0fc751fa83,src:stealthmole:cds:20eaea0fc751fa83
exp:live:065ecbc3fc3e8b0f,src:stealthmole:cds:065ecbc3fc3e8b0f
exp:live:86d9c092efe5a820,src:stealthmole:cds:86d9c092efe5a820
exp:live:3079b59bfc57e283,src:stealthmole:cds:3079b59bfc57e283
exp:live:901236cf4936f4d7,src:stealthmole:cds:901236cf4936f4d7
exp:live:1e6ef1d99fdeb21c,src:stealthmole:cds:1e6ef1d99fdeb21c
exp:live:8e0c8908245b2c52,src:stealthmole:cds:8e0c8908245b2c52
exp:live:6db50156c2241eb2,src:stealthmole:cds:6db50156c2241eb2
exp:live:c9c3889865bb7ac1,src:stealthmole:cds:c9c3889865bb7ac1
exp:live:ef9411460a6fd7a7,src:stealthmole:cds:ef9411460a6fd7a7
exp:live:21fe942b9407d7a9,src:stealthmole:cds:21fe942b9407d7a9
exp:live:d9cc5b14f45c4021,src:stealthmole:cds:d9cc5b14f45c4021
exp:live:83dcd82a45ef33b9,src:stealthmole:cds:83dcd82a45ef33b9
exp:live:0a06c127dd215525,src:stealthmole:cds:0a06c127dd215525
exp:live:a4e360b895311491,src:stealthmole:cds:a4e360b895311491
exp:live:560ef61300444a95,src:stealthmole:cds:560ef61300444a95
exp:live:79cd9a5e60600e09,src:stealthmole:cds:79cd9a5e60600e09
exp:live:9c8ac8db60920ae3,src:stealthmole:cds:9c8ac8db60920ae3
exp:live:c013237e1073dd7a,src:stealthmole:cds:c013237e1073dd7a
exp:live:947af3edbfba7b33,src:stealthmole:cds:947af3edbfba7b33
exp:live:fa0caf623b80381d,src:stealthmole:cds:fa0caf623b80381d
exp:live:ebdcb7bcbb530d37,src:stealthmole:cds:ebdcb7bcbb530d37
exp:live:e8547009a428f3fe,src:stealthmole:cds:e8547009a428f3fe
exp:live:a9ec5df528a2690a,src:stealthmole:cds:a9ec5df528a2690a
exp:live:42e3070f246c06af,src:stealthmole:cds:42e3070f246c06af
exp:live:deb7a3682247332c,src:stealthmole:cds:deb7a3682247332c
exp:live:dc200e5066613cce,src:stealthmole:cds:dc200e5066613cce
exp:live:6dba9f2284335e2b,src:stealthmole:cds:6dba9f2284335e2b
exp:live:ea65f2ebc29070b6,src:stealthmole:cds:ea65f2ebc29070b6
exp:live:475cb568c9c95cb3,src:stealthmole:cds:475cb568c9c95cb3
exp:live:e02ef3e30565b277,src:stealthmole:cds:e02ef3e30565b277
exp:live:5f55529b02cf359a,src:stealthmole:cds:5f55529b02cf359a
exp:live:99fc4f331ff03f3e,src:stealthmole:cb:99fc4f331ff03f3e
exp:live:4c0e0b172d4abf3e,src:stealthmole:cb:4c0e0b172d4abf3e
exp:live:75fa923e310a1aae,src:stealthmole:cb:75fa923e310a1aae
exp:live:9d623f1a8ea14821,src:stealthmole:cb:9d623f1a8ea14821
exp:live:8185c8c9b673cabf,src:stealthmole:cb:8185c8c9b673cabf
exp:live:91d470be5a931bec,src:stealthmole:cb:91d470be5a931bec
exp:live:e6fcc580e9623fe7,src:stealthmole:cb:e6fcc580e9623fe7
exp:live:83911770d439493b,src:stealthmole:cb:83911770d439493b
exp:live:caf176858611d64e,src:stealthmole:cb:caf176858611d64e
exp:live:ce4b7b5fcc911e61,src:stealthmole:cb:ce4b7b5fcc911e61
exp:live:c39ef929397c4afc,src:stealthmole:cb:c39ef929397c4afc
exp:live:0506a1cd4e72a38e,src:stealthmole:cb:0506a1cd4e72a38e
exp:live:4528554d45e485b3,src:stealthmole:cb:4528554d45e485b3
exp:live:789e27b4fb754dd7,src:stealthmole:cb:789e27b4fb754dd7
exp:live:eaa4f586d3240653,src:stealthmole:cb:eaa4f586d3240653
exp:live:9e6ded32c1cfef65,src:stealthmole:cb:9e6ded32c1cfef65
exp:live:2da046c01f8ea21a,src:stealthmole:cb:2da046c01f8ea21a
exp:live:50fecced398fe2d4,src:stealthmole:cb:50fecced398fe2d4
exp:live:86bfed91ca840ff7,src:stealthmole:cb:86bfed91ca840ff7
exp:live:1f80d4353b856345,src:stealthmole:cb:1f80d4353b856345
exp:live:31210604742630a4,src:stealthmole:cb:31210604742630a4
exp:live:636427474eb66333,src:stealthmole:cb:636427474eb66333
exp:live:892502d085bb9e46,src:stealthmole:cb:892502d085bb9e46
exp:live:f7c4fb56fe111f72,src:stealthmole:cb:f7c4fb56fe111f72
exp:live:b4a9e10afcaf4398,src:stealthmole:cb:b4a9e10afcaf4398
exp:live:81c5f04b6f6ffb2c,src:stealthmole:cb:81c5f04b6f6ffb2c
exp:live:a96caac514747f0c,src:stealthmole:cb:a96caac514747f0c
exp:live:97f2693b1936bca0,src:stealthmole:cb:97f2693b1936bca0
exp:live:7a1b6d2335b35b2a,src:stealthmole:cb:7a1b6d2335b35b2a
exp:live:cdadb3510efcaa33,src:stealthmole:cb:cdadb3510efcaa33
exp:live:f2ddc69cca0e78f3,src:stealthmole:cb:f2ddc69cca0e78f3
exp:live:47a664c67eda7c14,src:stealthmole:cb:47a664c67eda7c14
exp:live:aee85f4e41c22308,src:stealthmole:cb:aee85f4e41c22308
exp:live:7cc43a9123389406,src:stealthmole:cb:7cc43a9123389406
exp:live:81480aca8eedddd9,src:stealthmole:cb:81480aca8eedddd9
exp:live:f19d889ab5a90519,src:stealthmole:cb:f19d889ab5a90519
exp:live:dcbc7135a435c4ca,src:stealthmole:cb:dcbc7135a435c4ca
exp:live:2d032f9129b5495f,src:stealthmole:cb:2d032f9129b5495f
exp:live:31ea99c147ebfabe,src:stealthmole:cb:31ea99c147ebfabe
exp:live:8c52ed88d4a9e503,src:stealthmole:cb:8c52ed88d4a9e503
exp:live:da413d6bf28b4ec0,src:stealthmole:cb:da413d6bf28b4ec0
exp:live:28149ef100c21d49,src:stealthmole:cb:28149ef100c21d49
exp:live:123d25cb17bf0955,src:stealthmole:cb:123d25cb17bf0955
exp:live:9d42bcd9e9578819,src:stealthmole:cb:9d42bcd9e9578819
exp:live:9e1755e8b77d5dcf,src:stealthmole:cb:9e1755e8b77d5dcf
exp:live:1518da089f734fcb,src:stealthmole:cb:1518da089f734fcb
exp:live:b96af130765727b0,src:stealthmole:cb:b96af130765727b0
exp:live:f2a1dc0928ac2d4f,src:stealthmole:cb:f2a1dc0928ac2d4f
exp:live:ea9324dc9d2b6fc1,src:stealthmole:cb:ea9324dc9d2b6fc1
exp:live:9fc11c545987e056,src:stealthmole:cb:9fc11c545987e056
